{
  "service": {
    "service": "signiant-solutions-junmai",
    "serviceObject": {
      "name": "signiant-solutions-junmai"
    },
    "provider": {
      "name": "aws",
      "runtime": "nodejs12.x",
      "lambdaHashingVersion": "20201221",
      "stage": "dev",
      "region": "us-east-1",
      "versionFunctions": true,
      "compiledCloudFormationTemplate": {
        "AWSTemplateFormatVersion": "2010-09-09",
        "Description": "The AWS CloudFormation template for this Serverless application",
        "Resources": {
          "ServerlessDeploymentBucket": {
            "Type": "AWS::S3::Bucket",
            "Properties": {
              "BucketEncryption": {
                "ServerSideEncryptionConfiguration": [
                  {
                    "ServerSideEncryptionByDefault": {
                      "SSEAlgorithm": "AES256"
                    }
                  }
                ]
              }
            }
          },
          "ServerlessDeploymentBucketPolicy": {
            "Type": "AWS::S3::BucketPolicy",
            "Properties": {
              "Bucket": {
                "Ref": "ServerlessDeploymentBucket"
              },
              "PolicyDocument": {
                "Statement": [
                  {
                    "Action": "s3:*",
                    "Effect": "Deny",
                    "Principal": "*",
                    "Resource": [
                      {
                        "Fn::Join": [
                          "",
                          [
                            "arn:",
                            {
                              "Ref": "AWS::Partition"
                            },
                            ":s3:::",
                            {
                              "Ref": "ServerlessDeploymentBucket"
                            },
                            "/*"
                          ]
                        ]
                      },
                      {
                        "Fn::Join": [
                          "",
                          [
                            "arn:",
                            {
                              "Ref": "AWS::Partition"
                            },
                            ":s3:::",
                            {
                              "Ref": "ServerlessDeploymentBucket"
                            }
                          ]
                        ]
                      }
                    ],
                    "Condition": {
                      "Bool": {
                        "aws:SecureTransport": false
                      }
                    }
                  }
                ]
              }
            }
          },
          "ApiLogGroup": {
            "Type": "AWS::Logs::LogGroup",
            "Properties": {
              "LogGroupName": "/aws/lambda/signiant-solutions-junmai-dev-api"
            }
          },
          "IamRoleLambdaExecution": {
            "Type": "AWS::IAM::Role",
            "Properties": {
              "AssumeRolePolicyDocument": {
                "Version": "2012-10-17",
                "Statement": [
                  {
                    "Effect": "Allow",
                    "Principal": {
                      "Service": [
                        "lambda.amazonaws.com"
                      ]
                    },
                    "Action": [
                      "sts:AssumeRole"
                    ]
                  }
                ]
              },
              "Policies": [
                {
                  "PolicyName": {
                    "Fn::Join": [
                      "-",
                      [
                        "signiant-solutions-junmai",
                        "dev",
                        "lambda"
                      ]
                    ]
                  },
                  "PolicyDocument": {
                    "Version": "2012-10-17",
                    "Statement": [
                      {
                        "Effect": "Allow",
                        "Action": [
                          "logs:CreateLogStream",
                          "logs:CreateLogGroup"
                        ],
                        "Resource": [
                          {
                            "Fn::Sub": "arn:${AWS::Partition}:logs:${AWS::Region}:${AWS::AccountId}:log-group:/aws/lambda/signiant-solutions-junmai-dev*:*"
                          }
                        ]
                      },
                      {
                        "Effect": "Allow",
                        "Action": [
                          "logs:PutLogEvents"
                        ],
                        "Resource": [
                          {
                            "Fn::Sub": "arn:${AWS::Partition}:logs:${AWS::Region}:${AWS::AccountId}:log-group:/aws/lambda/signiant-solutions-junmai-dev*:*:*"
                          }
                        ]
                      }
                    ]
                  }
                }
              ],
              "Path": "/",
              "RoleName": {
                "Fn::Join": [
                  "-",
                  [
                    "signiant-solutions-junmai",
                    "dev",
                    {
                      "Ref": "AWS::Region"
                    },
                    "lambdaRole"
                  ]
                ]
              }
            }
          },
          "EnterpriseLogAccessIamRole": {
            "Type": "AWS::IAM::Role",
            "Properties": {
              "AssumeRolePolicyDocument": {
                "Version": "2012-10-17",
                "Statement": [
                  {
                    "Effect": "Allow",
                    "Principal": {
                      "AWS": "arn:aws:iam::802587217904:root"
                    },
                    "Action": "sts:AssumeRole",
                    "Condition": {
                      "StringEquals": {
                        "sts:ExternalId": "ServerlessEnterprise-qkpkGTl5YpMpPr115B"
                      }
                    }
                  }
                ]
              },
              "Policies": [
                {
                  "PolicyName": "LogFilterAccess",
                  "PolicyDocument": {
                    "Version": "2012-10-17",
                    "Statement": [
                      {
                        "Effect": "Allow",
                        "Action": [
                          "logs:FilterLogEvents"
                        ],
                        "Resource": [
                          {
                            "Fn::GetAtt": [
                              "ApiLogGroup",
                              "Arn"
                            ]
                          }
                        ]
                      }
                    ]
                  }
                }
              ]
            }
          },
          "ApiLambdaFunction": {
            "Type": "AWS::Lambda::Function",
            "Properties": {
              "Code": {
                "S3Bucket": {
                  "Ref": "ServerlessDeploymentBucket"
                },
                "S3Key": "serverless/signiant-solutions-junmai/dev/1622753940047-2021-06-03T20:59:00.047Z/signiant-solutions-junmai.zip"
              },
              "Handler": "s_api.handler",
              "Runtime": "nodejs12.x",
              "FunctionName": "signiant-solutions-junmai-dev-api",
              "MemorySize": 1024,
              "Timeout": 6,
              "Role": {
                "Fn::GetAtt": [
                  "IamRoleLambdaExecution",
                  "Arn"
                ]
              }
            },
            "DependsOn": [
              "ApiLogGroup"
            ]
          },
          "ApiLambdaVersionIB31Jl9iiyR5XHmL0w6c3FjLdSSTvtNHB9r0gimoKyw": {
            "Type": "AWS::Lambda::Version",
            "DeletionPolicy": "Retain",
            "Properties": {
              "FunctionName": {
                "Ref": "ApiLambdaFunction"
              },
              "CodeSha256": "WtcShM56IJoJFOrb2zAYTJuSeOxOuz0wHfTpQAt5cdQ="
            }
          },
          "ApiGatewayRestApi": {
            "Type": "AWS::ApiGateway::RestApi",
            "Properties": {
              "Name": "dev-signiant-solutions-junmai",
              "EndpointConfiguration": {
                "Types": [
                  "EDGE"
                ]
              },
              "Policy": ""
            }
          },
          "ApiGatewayResourceProxyVar": {
            "Type": "AWS::ApiGateway::Resource",
            "Properties": {
              "ParentId": {
                "Fn::GetAtt": [
                  "ApiGatewayRestApi",
                  "RootResourceId"
                ]
              },
              "PathPart": "{proxy+}",
              "RestApiId": {
                "Ref": "ApiGatewayRestApi"
              }
            }
          },
          "ApiGatewayMethodAny": {
            "Type": "AWS::ApiGateway::Method",
            "Properties": {
              "HttpMethod": "ANY",
              "RequestParameters": {},
              "ResourceId": {
                "Fn::GetAtt": [
                  "ApiGatewayRestApi",
                  "RootResourceId"
                ]
              },
              "RestApiId": {
                "Ref": "ApiGatewayRestApi"
              },
              "ApiKeyRequired": false,
              "AuthorizationType": "NONE",
              "Integration": {
                "IntegrationHttpMethod": "POST",
                "Type": "AWS_PROXY",
                "Uri": {
                  "Fn::Join": [
                    "",
                    [
                      "arn:",
                      {
                        "Ref": "AWS::Partition"
                      },
                      ":apigateway:",
                      {
                        "Ref": "AWS::Region"
                      },
                      ":lambda:path/2015-03-31/functions/",
                      {
                        "Fn::GetAtt": [
                          "ApiLambdaFunction",
                          "Arn"
                        ]
                      },
                      "/invocations"
                    ]
                  ]
                }
              },
              "MethodResponses": []
            }
          },
          "ApiGatewayMethodProxyVarAny": {
            "Type": "AWS::ApiGateway::Method",
            "Properties": {
              "HttpMethod": "ANY",
              "RequestParameters": {},
              "ResourceId": {
                "Ref": "ApiGatewayResourceProxyVar"
              },
              "RestApiId": {
                "Ref": "ApiGatewayRestApi"
              },
              "ApiKeyRequired": false,
              "AuthorizationType": "NONE",
              "Integration": {
                "IntegrationHttpMethod": "POST",
                "Type": "AWS_PROXY",
                "Uri": {
                  "Fn::Join": [
                    "",
                    [
                      "arn:",
                      {
                        "Ref": "AWS::Partition"
                      },
                      ":apigateway:",
                      {
                        "Ref": "AWS::Region"
                      },
                      ":lambda:path/2015-03-31/functions/",
                      {
                        "Fn::GetAtt": [
                          "ApiLambdaFunction",
                          "Arn"
                        ]
                      },
                      "/invocations"
                    ]
                  ]
                }
              },
              "MethodResponses": []
            }
          },
          "ApiGatewayDeployment1622753933433": {
            "Type": "AWS::ApiGateway::Deployment",
            "Properties": {
              "RestApiId": {
                "Ref": "ApiGatewayRestApi"
              },
              "StageName": "dev"
            },
            "DependsOn": [
              "ApiGatewayMethodAny",
              "ApiGatewayMethodProxyVarAny"
            ]
          },
          "ApiLambdaPermissionApiGateway": {
            "Type": "AWS::Lambda::Permission",
            "Properties": {
              "FunctionName": {
                "Fn::GetAtt": [
                  "ApiLambdaFunction",
                  "Arn"
                ]
              },
              "Action": "lambda:InvokeFunction",
              "Principal": "apigateway.amazonaws.com",
              "SourceArn": {
                "Fn::Join": [
                  "",
                  [
                    "arn:",
                    {
                      "Ref": "AWS::Partition"
                    },
                    ":execute-api:",
                    {
                      "Ref": "AWS::Region"
                    },
                    ":",
                    {
                      "Ref": "AWS::AccountId"
                    },
                    ":",
                    {
                      "Ref": "ApiGatewayRestApi"
                    },
                    "/*/*"
                  ]
                ]
              }
            }
          },
          "ApiGatewayLogGroup": {
            "Type": "AWS::Logs::LogGroup",
            "Properties": {
              "LogGroupName": "/aws/api-gateway/signiant-solutions-junmai-dev"
            }
          },
          "CustomApiGatewayAccountCloudWatchRole": {
            "Type": "Custom::ApiGatewayAccountRole",
            "Version": 1,
            "Properties": {
              "ServiceToken": {
                "Fn::GetAtt": [
                  "CustomDashresourceDashapigwDashcwDashroleLambdaFunction",
                  "Arn"
                ]
              }
            }
          },
          "IamRoleCustomResourcesLambdaExecution": {
            "Type": "AWS::IAM::Role",
            "Properties": {
              "AssumeRolePolicyDocument": {
                "Version": "2012-10-17",
                "Statement": [
                  {
                    "Effect": "Allow",
                    "Principal": {
                      "Service": [
                        "lambda.amazonaws.com"
                      ]
                    },
                    "Action": [
                      "sts:AssumeRole"
                    ]
                  }
                ]
              },
              "Policies": [
                {
                  "PolicyName": {
                    "Fn::Join": [
                      "-",
                      [
                        "dev",
                        "signiant-solutions-junmai",
                        "custom-resources-lambda"
                      ]
                    ]
                  },
                  "PolicyDocument": {
                    "Version": "2012-10-17",
                    "Statement": [
                      {
                        "Effect": "Allow",
                        "Resource": {
                          "Fn::Join": [
                            ":",
                            [
                              "arn",
                              {
                                "Ref": "AWS::Partition"
                              },
                              "iam:",
                              {
                                "Ref": "AWS::AccountId"
                              },
                              "role/*"
                            ]
                          ]
                        },
                        "Action": [
                          "iam:AttachRolePolicy",
                          "iam:CreateRole",
                          "iam:ListAttachedRolePolicies",
                          "iam:PassRole"
                        ]
                      },
                      {
                        "Effect": "Allow",
                        "Resource": {
                          "Fn::Join": [
                            ":",
                            [
                              "arn",
                              {
                                "Ref": "AWS::Partition"
                              },
                              "apigateway:*::/account"
                            ]
                          ]
                        },
                        "Action": [
                          "apigateway:GET",
                          "apigateway:PATCH"
                        ]
                      }
                    ]
                  }
                }
              ]
            }
          },
          "CustomDashresourceDashapigwDashcwDashroleLambdaFunction": {
            "Type": "AWS::Lambda::Function",
            "Properties": {
              "Code": {
                "S3Bucket": {
                  "Ref": "ServerlessDeploymentBucket"
                },
                "S3Key": "serverless/signiant-solutions-junmai/dev/1622753940047-2021-06-03T20:59:00.047Z/custom-resources.zip"
              },
              "FunctionName": "signiant-solutions-junmai-dev-custom-resource-apigw-cw-role",
              "Handler": "apiGatewayCloudWatchRole/handler.handler",
              "MemorySize": 1024,
              "Runtime": "nodejs12.x",
              "Timeout": 180,
              "Role": {
                "Fn::GetAtt": [
                  "IamRoleCustomResourcesLambdaExecution",
                  "Arn"
                ]
              }
            },
            "DependsOn": [
              "IamRoleCustomResourcesLambdaExecution"
            ]
          },
          "CWLSubFilterApiLogGroupUsEast1": {
            "Type": "AWS::Logs::SubscriptionFilter",
            "Properties": {
              "DestinationArn": "arn:aws:logs:us-east-1:802587217904:destination:qkpkGTl5YpMpPr115B#3hV2cLCSdGP3dD61Zy#signiant-solutions-junmai#dev",
              "FilterPattern": "?\"REPORT RequestId: \" ?\"SERVERLESS_ENTERPRISE\"",
              "LogGroupName": {
                "Ref": "ApiLogGroup"
              }
            }
          },
          "CWLSubFilterApiGatewayLogGroupUsEast1": {
            "Type": "AWS::Logs::SubscriptionFilter",
            "Properties": {
              "DestinationArn": "arn:aws:logs:us-east-1:802587217904:destination:qkpkGTl5YpMpPr115B#3hV2cLCSdGP3dD61Zy#signiant-solutions-junmai#dev",
              "FilterPattern": "\"SLS_ACCESS_LOG\"",
              "LogGroupName": {
                "Ref": "ApiGatewayLogGroup"
              }
            }
          }
        },
        "Outputs": {
          "ServerlessDeploymentBucketName": {
            "Value": {
              "Ref": "ServerlessDeploymentBucket"
            },
            "Export": {
              "Name": "sls-signiant-solutions-junmai-dev-ServerlessDeploymentBucketName"
            }
          },
          "EnterpriseLogAccessIamRole": {
            "Value": {
              "Fn::GetAtt": [
                "EnterpriseLogAccessIamRole",
                "Arn"
              ]
            },
            "Export": {
              "Name": "sls-signiant-solutions-junmai-dev-EnterpriseLogAccessIamRole"
            }
          },
          "ApiLambdaFunctionQualifiedArn": {
            "Description": "Current Lambda function version",
            "Value": {
              "Ref": "ApiLambdaVersionIB31Jl9iiyR5XHmL0w6c3FjLdSSTvtNHB9r0gimoKyw"
            },
            "Export": {
              "Name": "sls-signiant-solutions-junmai-dev-ApiLambdaFunctionQualifiedArn"
            }
          },
          "ServiceEndpoint": {
            "Description": "URL of the service endpoint",
            "Value": {
              "Fn::Join": [
                "",
                [
                  "https://",
                  {
                    "Ref": "ApiGatewayRestApi"
                  },
                  ".execute-api.",
                  {
                    "Ref": "AWS::Region"
                  },
                  ".",
                  {
                    "Ref": "AWS::URLSuffix"
                  },
                  "/dev"
                ]
              ]
            },
            "Export": {
              "Name": "sls-signiant-solutions-junmai-dev-ServiceEndpoint"
            }
          }
        }
      },
      "coreCloudFormationTemplate": {
        "AWSTemplateFormatVersion": "2010-09-09",
        "Description": "The AWS CloudFormation template for this Serverless application",
        "Resources": {
          "ServerlessDeploymentBucket": {
            "Type": "AWS::S3::Bucket",
            "Properties": {
              "BucketEncryption": {
                "ServerSideEncryptionConfiguration": [
                  {
                    "ServerSideEncryptionByDefault": {
                      "SSEAlgorithm": "AES256"
                    }
                  }
                ]
              }
            }
          },
          "ServerlessDeploymentBucketPolicy": {
            "Type": "AWS::S3::BucketPolicy",
            "Properties": {
              "Bucket": {
                "Ref": "ServerlessDeploymentBucket"
              },
              "PolicyDocument": {
                "Statement": [
                  {
                    "Action": "s3:*",
                    "Effect": "Deny",
                    "Principal": "*",
                    "Resource": [
                      {
                        "Fn::Join": [
                          "",
                          [
                            "arn:",
                            {
                              "Ref": "AWS::Partition"
                            },
                            ":s3:::",
                            {
                              "Ref": "ServerlessDeploymentBucket"
                            },
                            "/*"
                          ]
                        ]
                      },
                      {
                        "Fn::Join": [
                          "",
                          [
                            "arn:",
                            {
                              "Ref": "AWS::Partition"
                            },
                            ":s3:::",
                            {
                              "Ref": "ServerlessDeploymentBucket"
                            }
                          ]
                        ]
                      }
                    ],
                    "Condition": {
                      "Bool": {
                        "aws:SecureTransport": false
                      }
                    }
                  }
                ]
              }
            }
          }
        },
        "Outputs": {
          "ServerlessDeploymentBucketName": {
            "Value": {
              "Ref": "ServerlessDeploymentBucket"
            }
          }
        }
      },
      "logs": {
        "restApi": {
          "format": "{\"requestTime\":\"$context.requestTime\",\"requestId\":\"$context.requestId\",\"apiId\":\"$context.apiId\",\"resourceId\":\"$context.resourceId\",\"resourcePath\":\"$context.resourcePath\",\"path\":\"$context.path\",\"httpMethod\":\"$context.httpMethod\",\"status\":\"$context.status\",\"authLatency\":\"$context.authorizer.integrationLatency\",\"integrationLatency\":\"$context.integrationLatency\",\"integrationStatus\":\"$context.integrationStatus\",\"responseLatency\":\"$context.responseLatency\",\"responseLength\":\"$context.responseLength\",\"errorMessage\":\"$context.error.message\",\"format\":\"SLS_ACCESS_LOG\",\"version\":\"1.0.0\"}"
        }
      },
      "vpc": {}
    },
    "pluginsData": {},
    "functions": {
      "api": {
        "handler": "s_api.handler",
        "events": [
          {
            "http": {
              "path": "",
              "method": "any",
              "integration": "AWS_PROXY"
            }
          },
          {
            "http": {
              "path": "{proxy+}",
              "method": "any",
              "integration": "AWS_PROXY"
            }
          }
        ],
        "name": "signiant-solutions-junmai-dev-api",
        "package": {},
        "memory": 1024,
        "timeout": 6,
        "runtime": "nodejs12.x",
        "vpc": {},
        "versionLogicalId": "ApiLambdaVersionIB31Jl9iiyR5XHmL0w6c3FjLdSSTvtNHB9r0gimoKyw"
      }
    },
    "configValidationMode": "warn",
    "serviceFilename": "serverless.yml",
    "app": "signiant-solutions-junmai",
    "org": "scottdavidreynolds",
    "layers": {},
    "initialServerlessConfig": {
      "org": "scottdavidreynolds",
      "app": "signiant-solutions-junmai",
      "service": {
        "$ref": "$[\"service\"][\"serviceObject\"]"
      },
      "frameworkVersion": "2",
      "provider": {
        "$ref": "$[\"service\"][\"provider\"]"
      },
      "functions": {
        "$ref": "$[\"service\"][\"functions\"]"
      }
    },
    "isDashboardMonitoringPreconfigured": true,
    "isDashboardAppPreconfigured": true,
    "orgUid": "qkpkGTl5YpMpPr115B",
    "appUid": "3hV2cLCSdGP3dD61Zy",
    "artifact": "/Users/sreynolds/Documents/signiant.github.com/signiant-project-junmai/signiant-solutions-junmai/.serverless/signiant-solutions-junmai.zip"
  },
  "package": {
    "artifactDirectoryName": "serverless/signiant-solutions-junmai/dev/1622753940047-2021-06-03T20:59:00.047Z",
    "artifact": "signiant-solutions-junmai.zip"
  }
}